{"cameraMode":{"drawMode":0,"name":"Shaded","section":"Shading Mode"},"sceneLighting":true,"audioPlay":false,"sceneViewState":{"showFog":true,"showMaterialUpdate":false,"showSkybox":true,"showFlares":true,"showImageEffects":true,"showParticleSystems":true},"in2DMode":false,"pivot":{"x":5.960464477539063e-8,"y":1.3863580226898194,"z":-0.00444406270980835},"rotation":{"x":-0.03592332452535629,"y":0.8810421824455261,"z":-0.0678059458732605,"w":-0.4667718708515167},"size":2.195857524871826,"orthographic":false}