{"cameraMode":{"drawMode":0,"name":"Shaded","section":"Shading Mode"},"sceneLighting":true,"audioPlay":false,"sceneViewState":{"showFog":true,"showMaterialUpdate":false,"showSkybox":true,"showFlares":true,"showImageEffects":true,"showParticleSystems":true},"in2DMode":false,"pivot":{"x":1.1258059740066529,"y":0.30719900131225588,"z":0.5163305997848511},"rotation":{"x":-0.13929450511932374,"y":0.7029359936714172,"z":-0.14345087110996247,"w":-0.6825686693191528},"size":7.353801727294922,"orthographic":false}